stock_code,sector_code,sector_l1,sector_l2
300972,450302,45,4503
002402,270504,27,2705
001221,360311,36,3603
603049,280204,28,2802
688615,710401,71,7104
301611,270103,27,2701
002430,220309,22,2203
301301,370101,37,3701
300140,760103,76,7601
002773,370304,37,3703
300718,640108,64,6401
688692,710401,71,7104
688235,370102,37,3701
301536,270104,27,2701
001389,270202,27,2702
603341,270504,27,2705
600720,620601,62,6206
688709,270104,27,2701
603979,240302,24,2403
300390,630702,63,6307
688702,270104,27,2701
301498,110404,11,1104
688347,270106,27,2701
600673,510101,51,5101
300383,730104,73,7301
300432,630702,63,6307
002131,640108,64,6401
002056,630502,63,6305
601212,240302,24,2403
688563,650201,65,6502
688629,650501,65,6505
688582,270105,27,2701
688361,270108,27,2701
688469,270106,27,2701
001286,410101,41,4101
601061,450201,45,4502
301358,630702,63,6307
688525,270104,27,2701
688475,710102,71,7101
688172,270102,27,2701
688387,730204,73,7302
000537,410107,41,4101
688114,370502,37,3705
600363,270504,27,2705
603077,220802,22,2208
002841,270503,27,2705
000958,490308,49,4903
000032,620404,62,6204
002432,370504,37,3705
600873,220315,22,2203
002756,240603,24,2406
600517,490304,49,4903
601567,630802,63,6308
601799,280202,28,2802
002007,370303,37,3703
300676,370602,37,3706
000623,370201,37,3702
300285,270601,27,2706
688166,370101,37,3701
301308,270104,27,2701
688322,270303,27,2703
688375,650501,65,6505
688297,650201,65,6502
688349,630601,63,6306
688120,270108,27,2701
688213,270104,27,2701
688052,270105,27,2701
688295,220404,22,2204
688281,650201,65,6502
301200,640209,64,6402
002261,710401,71,7104
688220,270105,27,2701
688234,270103,27,2701
688248,630803,63,6308
300627,730206,73,7302
688192,370102,37,3701
600927,490303,49,4903
000088,421102,42,4211
688772,630701,63,6307
001213,420903,42,4209
605589,220504,22,2205
688728,270104,27,2701
688778,630702,63,6307
300207,630701,63,6307
300487,220504,22,2205
300567,640107,64,6401
300570,730204,73,7302
300058,720501,72,7205
300454,710402,71,7104
002850,630701,63,6307
300474,650501,65,6505
300054,270601,27,2706
300458,270104,27,2701
300024,640701,64,6407
300601,370303,37,3703
300223,270104,27,2701
003035,410110,41,4101
300604,270108,27,2701
300144,461002,46,4610
300496,710301,71,7103
300012,460802,46,4608
300142,370303,37,3703
300529,370503,37,3705
300136,270504,27,2705
300100,280202,28,2802
300450,630703,63,6307
300017,710301,71,7103
300115,270504,27,2705
300146,340407,34,3404
300001,630801,63,6308
300073,630702,63,6307
300002,720401,72,7204
300003,370503,37,3705
300070,760102,76,7601
300751,630505,63,6305
300757,640704,64,6407
300763,630503,63,6305
300699,650201,65,6502
300724,630505,63,6305
300735,270504,27,2705
003022,630504,63,6305
300677,370503,37,3705
300679,270504,27,2705
300395,650201,65,6502
300346,270601,27,2706
300339,710301,71,7103
003031,730206,73,7302
002966,480401,48,4804
300957,770202,77,7702
300037,630702,63,6307
002958,480501,48,4805
002984,280204,28,2802
300888,770101,77,7701
300857,270504,27,2705
300919,630702,63,6307
603707,370102,37,3701
603737,610305,61,6103
603806,630504,63,6305
603786,280206,28,2802
603766,280402,28,2804
603699,640108,64,6401
603650,220604,22,2206
603658,370504,37,3705
603659,630702,63,6307
603688,220901,22,2209
603939,370403,37,3704
603927,710401,71,7104
603833,360308,36,3603
603816,360307,36,3603
603899,360501,36,3605
603885,421001,42,4210
603233,370403,37,3704
603290,270102,27,2701
603298,640601,64,6406
603160,270105,27,2701
603156,340701,34,3407
603129,280402,28,2804
603179,280206,28,2802
603606,630805,63,6308
603565,421101,42,4211
603568,760103,76,7601
603605,770202,77,7702
603596,280203,28,2802
603589,340501,34,3405
603345,340406,34,3404
603338,640601,64,6406
603486,330302,33,3303
603444,720401,72,7204
600004,421002,42,4210
688520,370304,37,3703
688561,710402,71,7104
688608,270104,27,2701
688599,630502,63,6305
688568,710301,71,7103
688336,370304,37,3703
688318,710401,71,7104
688425,640601,64,6406
688385,270104,27,2701
688363,770301,77,7703
688617,370503,37,3705
688676,630801,63,6308
688819,630705,63,6307
688777,640702,64,6407
688301,370502,37,3705
605358,270103,27,2701
688002,650501,65,6505
688027,730206,73,7302
688019,270601,27,2706
688018,270104,27,2701
688017,640701,64,6407
688180,370304,37,3703
688188,710103,71,7101
688278,370304,37,3703
688037,270108,27,2701
688122,650201,65,6502
688100,730206,73,7302
688099,270104,27,2701
600487,730205,73,7302
600486,220803,22,2208
600483,410110,41,4101
600498,730204,73,7302
600536,710301,71,7103
600516,230302,23,2303
600511,370402,37,3704
600378,220311,22,2203
600348,740102,74,7401
600390,490302,49,4903
600398,350209,35,3502
600637,721001,72,7210
600655,450304,45,4503
600688,750301,75,7503
600663,430102,43,4301
600546,740101,74,7401
600562,650501,65,6505
600583,750202,75,7502
600602,710401,71,7104
600096,220802,22,2208
600141,220802,22,2208
600132,340601,34,3406
600131,710301,71,7103
600126,230402,23,2304
600032,410106,41,4101
600008,760102,76,7601
600007,430102,43,4301
600153,420802,42,4208
600339,750202,75,7502
600282,230402,23,2304
600295,230302,23,2303
600298,340901,34,3409
600312,630801,63,6308
600299,220315,22,2203
600157,740102,74,7401
600177,350209,35,3502
600171,270105,27,2701
600166,280601,28,2806
600699,280206,28,2802
600704,420802,42,4208
601665,480401,48,4804
601615,630601,63,6306
601611,620306,62,6203
601608,640203,64,6402
601598,420805,42,4208
601577,480401,48,4804
601666,740102,74,7401
601717,640203,64,6402
601699,740102,74,7401
601179,630801,63,6308
601168,240302,24,2403
601156,420805,42,4208
601155,430102,43,4301
601228,421102,42,4211
601231,270504,27,2705
601399,640203,64,6402
601333,420903,42,4209
601233,750303,75,7503
603087,370304,37,3703
601865,630504,63,6305
601928,720901,72,7209
601921,720901,72,7209
601918,740101,74,7401
601880,421102,42,4211
601866,421101,42,4211
601958,240505,24,2405
601965,280303,28,2803
603000,720704,72,7207
601997,480401,48,4804
601966,280204,28,2802
601128,480501,48,4805
600816,490304,49,4903
600808,230402,23,2304
600820,620306,62,6203
600848,430103,43,4301
600739,370303,37,3703
600764,650401,65,6504
600763,370604,37,3706
600754,460901,46,4609
600998,370402,37,3704
601001,740101,74,7401
601000,421102,42,4211
600995,410110,41,4101
600985,740102,74,7401
601098,720901,72,7209
601019,720901,72,7209
601016,410107,41,4101
600885,630803,63,6308
600884,630702,63,6307
600871,750201,75,7502
600901,490305,49,4903
600977,720601,72,7206
600968,750201,75,7502
600959,721001,72,7210
002410,710401,71,7104
002414,650501,65,6505
002157,110702,11,1107
000785,450304,45,4503
002156,270107,27,2701
000729,340601,34,3406
000733,650501,65,6505
002153,710401,71,7104
000723,740201,74,7402
000830,220205,22,2202
000825,230501,23,2305
002152,710103,71,7101
002624,720401,72,7204
002423,490302,49,4903
002195,710301,71,7103
000629,230302,23,2303
000598,760102,76,7601
000563,490304,49,4903
000582,421102,42,4211
000591,410106,41,4101
002202,630601,63,6306
000703,750301,75,7503
000709,230402,23,2304
002385,110402,11,1104
002185,270107,27,2701
002032,330301,33,3303
002472,280203,28,2802
002025,650501,65,6505
002044,370604,37,3706
001696,640106,64,6401
002008,640703,64,6407
002080,610202,61,6102
002532,240301,24,2403
002065,710301,71,7103
002517,720401,72,7204
002085,280204,28,2802
002078,360102,36,3601
002126,280203,28,2802
000898,230402,23,2304
000921,330102,33,3301
000893,220804,22,2208
002439,710402,71,7104
002607,461102,46,4611
002130,270401,27,2704
000883,410110,41,4101
000887,280205,28,2802
002128,740101,74,7401
000932,230402,23,2304
002568,340602,34,3406
002465,650501,65,6505
000987,490302,49,4903
000997,710103,71,7101
002558,720401,72,7204
002461,340601,34,3406
002583,730204,73,7302
000937,740102,74,7401
002120,420804,42,4208
000951,280601,28,2806
000959,230402,23,2304
000967,760201,76,7602
002508,330401,33,3304
002738,240504,24,2405
002223,370502,37,3705
002340,630702,63,6307
000528,640601,64,6406
000415,490305,49,4903
000400,630803,63,6308
002739,720602,72,7206
000429,420901,42,4209
000155,410107,41,4101
002281,730204,73,7302
002821,370603,37,3706
002271,610304,61,6103
000021,270504,27,2705
002318,230501,23,2305
002312,220802,22,2208
000559,280203,28,2802
002831,360205,36,3602
002299,110703,11,1107
000009,630702,63,6307
000034,710301,71,7103
002335,630306,63,6303
000039,640108,64,6401
002265,280203,28,2802
002266,760103,76,7601
603529,280401,28,2804
688538,270301,27,2703
600906,490101,49,4901
688183,270202,27,2702
003021,630101,63,6301
688578,370102,37,3701
688065,220309,22,2203
600095,490101,49,4901
002409,270103,27,2701
601696,490101,49,4901
688266,370102,37,3701
600765,650201,65,6502
600521,370102,37,3701
600528,640501,64,6405
600601,270202,27,2702
603379,220311,22,2203
002945,490101,49,4901
002939,490101,49,4901
601162,490101,49,4901
300748,240202,24,2402
600566,370201,37,3702
002608,410101,41,4101
000933,240301,24,2403
601990,490101,49,4901
002926,490101,49,4901
601108,490101,49,4901
000062,270401,27,2704
000519,650301,65,6503
002670,490101,49,4901
600967,650301,65,6503
600737,110504,11,1105
002595,640209,64,6402
600578,410101,41,4101
603728,630101,63,6301
603920,270202,27,2702
603225,220401,22,2204
002851,630306,63,6303
300623,270102,27,2701
603228,270202,27,2702
002837,640209,64,6402
600909,490101,49,4901
603858,370201,37,3702
300558,370102,37,3701
002797,490101,49,4901
600862,650201,65,6502
000683,220201,22,2202
601198,490101,49,4901
600582,640203,64,6402
600580,630101,63,6301
600038,650201,65,6502
002444,640106,64,6401
600970,620403,62,6204
002155,240401,24,2404
600499,640209,64,6402
600497,240303,24,2403
600988,240401,24,2404
600879,650101,65,6501
000960,240504,24,2405
000728,490101,49,4901
600549,240502,24,2405
002500,490101,49,4901
000657,240502,24,2405
601555,490101,49,4901
002673,490101,49,4901
601099,490101,49,4901
600801,610101,61,6101
601106,640203,64,6402
600685,650401,65,6504
000783,490101,49,4901
600170,620101,62,6201
000878,240302,24,2403
000750,490101,49,4901
600316,650201,65,6502
600369,490101,49,4901
002353,640203,64,6402
000831,240501,24,2405
002203,240302,24,2403
002372,610302,61,6103
000426,240303,24,2403
000060,240303,24,2403
600118,650101,65,6501
600392,240501,24,2405
600435,650301,65,6503
600109,490101,49,4901
000738,650201,65,6502
300373,270102,27,2701
002683,220307,22,2203
600563,270203,27,2702
600143,220503,22,2205
002436,270202,27,2702
002138,270203,27,2702
002273,270303,27,2703
002603,370201,37,3702
600598,110102,11,1101
002429,330201,33,3302
601216,220202,22,2202
002294,370102,37,3701
600380,370102,37,3701
601118,110103,11,1101
000050,270301,27,2703
601139,410301,41,4103
002262,370102,37,3701
002064,220405,22,2204
600352,220308,22,2203
002244,430101,43,4301
000513,370102,37,3701
600062,370102,37,3701
600208,430101,43,4301
601991,410101,41,4101
600021,410101,41,4101
000739,370101,37,3701
600535,370201,37,3702
600329,370201,37,3702
600332,370201,37,3702
600098,410101,41,4101
600060,330201,33,3302
000423,370201,37,3702
600707,270301,27,2703
600863,410101,41,4101
000539,410101,41,4101
000027,410101,41,4101
600642,410101,41,4101
600606,430101,43,4301
